{"results": {"UnigramRecall": 0.5553271126867968, "UnigramPrecision": 0.5851587231647708, "SP-UnigramRecall": 0.5427850391588114, "SP-UnigramPrecision": 0.5733134507516664, "1GramDiversity": 0.4316160316990627, "2GramDiversity": 0.43299873530141436, "3GramDiversity": 0.5572563718379313, "4GramDiversity": 0.6070400102692807, "Corpus1GramDiversity": 0.007807433275130955, "Corpus2GramDiversity": 0.01778498378648042, "Corpus3GramDiversity": 0.03369917685208281, "Corpus4GramDiversity": 0.047418308805188325, "BLEU": 0.4741730919288926, "SP-BLEU": 0.4420175302718843, "METEOR": 0.5197543831326684, "ROUGE": 0.8258717254286674, "f1": 0.5698527662221263, "sp_f1": 0.5576317262851538, "num_none_queries": 0}, "arguments": {"batch_size": 10, "chunk": 1000, "max_new_tokens": 1024, "device_map": "auto", "output_dir": "assets/models/BGEE_100_percent/checkpoint-2000", "dataset": "data/bgee_original_with_coments/original_with_comments_test.json", "model_id": "", "prompt_type": "plainbgee"}}