{"results": {"UnigramRecall": 0.4834565587133928, "UnigramPrecision": 0.4815187644458422, "SP-UnigramRecall": 0.4644113947705634, "SP-UnigramPrecision": 0.46844455381420597, "1GramDiversity": 0.5010904421559073, "2GramDiversity": 0.4178599101939539, "3GramDiversity": 0.4773291843787434, "4GramDiversity": 0.5206829879516383, "Corpus1GramDiversity": 0.011547108113631719, "Corpus2GramDiversity": 0.027437155119558552, "Corpus3GramDiversity": 0.05068465154302064, "Corpus4GramDiversity": 0.07112201103617413, "BLEU": 0.32800390099208554, "SP-BLEU": 0.29328206143135627, "METEOR": 0.4053907188550438, "ROUGE": 0.6258122118783982, "f1": 0.482485715909851, "sp_f1": 0.4664192557051816, "num_none_queries": 0}, "arguments": {"batch_size": 10, "chunk": 1000, "max_new_tokens": 1024, "device_map": "auto", "output_dir": "assets/models/BGEE_25_percent/checkpoint-2000", "dataset": "data/bgee_original_with_coments/original_with_comments_test.json", "model_id": "", "prompt_type": "plainbgee"}}