{"results": {"UnigramRecall": 0.5135255919462253, "UnigramPrecision": 0.6128666559588032, "SP-UnigramRecall": 0.5002863822181903, "SP-UnigramPrecision": 0.600439987554778, "1GramDiversity": 0.5058824979683064, "2GramDiversity": 0.5522813499405572, "3GramDiversity": 0.5790421865349895, "4GramDiversity": 0.6225501588956852, "Corpus1GramDiversity": 0.01173064294668975, "Corpus2GramDiversity": 0.0298191152766999, "Corpus3GramDiversity": 0.0513103695301773, "Corpus4GramDiversity": 0.0687720136111277, "BLEU": 0.4204814174820561, "SP-BLEU": 0.39017069396073584, "METEOR": 0.4705988438115537, "ROUGE": 0.7592232088615685, "f1": 0.5588154799017824, "sp_f1": 0.5458067642639883, "num_none_queries": 0}, "arguments": {"batch_size": 10, "chunk": 1000, "max_new_tokens": 1024, "device_map": "auto", "output_dir": "assets/models/BGEE_75_percent/checkpoint-2000", "dataset": "data/bgee_original_with_coments/original_with_comments_test.json", "model_id": "", "prompt_type": "plainbgee"}}