{"results": {"UnigramRecall": 0.45727048943305193, "UnigramPrecision": 0.4665431490765298, "SP-UnigramRecall": 0.44651320577906123, "SP-UnigramPrecision": 0.45800594690464996, "1GramDiversity": 0.49353556644959445, "2GramDiversity": 0.4190476742729279, "3GramDiversity": 0.5068127824023845, "4GramDiversity": 0.5438918243516664, "Corpus1GramDiversity": 0.011457125503837446, "Corpus2GramDiversity": 0.026061509579813374, "Corpus3GramDiversity": 0.048699685274142784, "Corpus4GramDiversity": 0.0685218927723483, "BLEU": 0.3358009193070697, "SP-BLEU": 0.31247976567697106, "METEOR": 0.38726538743500155, "ROUGE": 0.6777001664818904, "f1": 0.46186028269520807, "sp_f1": 0.4521865634608193, "num_none_queries": 0}, "arguments": {"batch_size": 10, "chunk": 1000, "max_new_tokens": 1024, "device_map": "auto", "output_dir": "assets/models/BGEE_50_percent/checkpoint-2000", "dataset": "data/bgee_original_with_coments/original_with_comments_test.json", "model_id": "", "prompt_type": "plainbgee"}}